Category,Website,URL,Access,Subscription required?,Website is for
Website inspiration and design directories,DesignIndex,https://www.designindex.xyz,Free,No,Curated directory of design inspiration and useful design resources
Website inspiration and design directories,TOOOLS.design,https://www.toools.design,Free,No,"Large searchable directory of design tools, assets, inspiration, and learning resources"
Website inspiration and design directories,Land-book,https://land-book.com,Freemium,Optional,Curated landing-page and website inspiration
Website inspiration and design directories,One Page Love,https://onepagelove.com,Free,No,"One-page website inspiration, templates, and examples"
Website inspiration and design directories,Awwwards,https://www.awwwards.com,Free,No,"Award-winning websites, experimental interactions, and agency work"
Website inspiration and design directories,SiteInspire,https://www.siteinspire.com,Free,No,Curated gallery of strong web and interactive design
Website inspiration and design directories,Godly,https://godly.website,Free,No,Modern and highly polished website inspiration
Website inspiration and design directories,Lapa Ninja,https://www.lapa.ninja,Free,No,Landing-page inspiration organized by industry and section
Website inspiration and design directories,Httpster,https://httpster.net,Free,No,Curated creative and minimal website showcase
Website inspiration and design directories,The FWA,https://thefwa.com,Free,No,"Experimental, interactive, and cutting-edge digital experiences"
Website inspiration and design directories,CSS Design Awards,https://www.cssdesignawards.com,Free,No,"Award gallery for web design, UI, UX, and innovation"
Website inspiration and design directories,CSS Nectar,https://cssnectar.com,Free,No,Curated website inspiration and design awards
Website inspiration and design directories,Best Website Gallery,https://bestwebsite.gallery,Free,No,Hand-picked website design gallery
Website inspiration and design directories,Minimal Gallery,https://minimal.gallery,Free,No,"Clean, minimal, and functional website inspiration"
Website inspiration and design directories,Siiimple,https://siiimple.com,Free,No,Minimal website gallery
Website inspiration and design directories,SiteSee,https://sitesee.co,Free,No,Modern website inspiration gallery
Website inspiration and design directories,Hoverstat.es,https://www.hoverstat.es,Free,No,"Alternative, experimental, and unconventional web design"
Website inspiration and design directories,Landing Love,https://www.landing.love,Free,No,Animated landing pages and interaction inspiration
Website inspiration and design directories,MaxiBestOf,https://maxibestof.one,Free,No,"Websites, typography, and visual inspiration"
Website inspiration and design directories,Dark Mode Design,https://www.darkmodedesign.com,Free,No,Dark-mode website inspiration
Website inspiration and design directories,Dark Design,https://www.dark.design,Free,No,Hand-picked dark-themed websites
Website inspiration and design directories,Dead Simple Sites,https://deadsimplesites.com,Free,No,Extremely simple and minimal websites
Website inspiration and design directories,Navbar Gallery,https://www.navbar.gallery,Free,No,Navigation bar patterns and examples
Website inspiration and design directories,Footer Design,https://www.footer.design,Free,No,Website footer patterns and inspiration
Website inspiration and design directories,404s,https://www.404s.design,Free,No,Creative 404 error-page inspiration
Website inspiration and design directories,Site of Sites,https://www.siteofsites.co,Free,No,Curated collection of noteworthy websites
Website inspiration and design directories,Browsing Mode,https://browsingmode.com,Free,No,Websites selected for design and functionality
Website inspiration and design directories,3D Websites,https://3dwebsites.design,Free,No,3D and WebGL website inspiration
Website inspiration and design directories,SEESAW,https://www.seesaw.website,Free,No,Daily hand-picked website inspiration
Website inspiration and design directories,Web Interactions Gallery,https://www.webinteractions.gallery,Free,No,Animated web elements and interaction patterns
Website inspiration and design directories,Nordic Design Gallery,https://www.nordicdesign.gallery,Free,No,Web design from Nordic countries and nearby regions
Website inspiration and design directories,A Fresh Website,https://a-fresh.website,Free,No,Unusual and highly creative website inspiration
Website inspiration and design directories,SupaHero,https://www.supahero.io,Free,No,Curated website hero-section inspiration
Website inspiration and design directories,CTA Gallery,https://www.cta.gallery,Free,No,Call-to-action section inspiration
Website inspiration and design directories,A1 Gallery,https://www.a1.gallery,Free,No,Curated gallery of high-quality websites
Website inspiration and design directories,inspo.page,https://www.inspo.page,Free,No,Website inspiration organized at component level
Website inspiration and design directories,Webzooo,https://webzooo.com,Free,No,Website gallery organized by color
Website inspiration and design directories,Recent Design,https://recent.design,Free,No,"Recent web, interface, and interaction design"
Website inspiration and design directories,Detail,https://detail.design,Free,No,Small UI and interaction details from digital products
Website inspiration and design directories,BentoGrids,https://bentogrids.com,Free,No,Bento-style website and interface layouts
"Product UI, UX flows, and mobile-app inspiration",Mobbin,https://mobbin.com,Freemium,Optional,Searchable screenshots and flows from real mobile and web products
"Product UI, UX flows, and mobile-app inspiration",Refero,https://refero.design,Freemium,Optional,Real product-interface screenshots and design references
"Product UI, UX flows, and mobile-app inspiration",Page Flows,https://pageflows.com,Freemium,Optional,Recorded user flows and screen sequences from real products
"Product UI, UX flows, and mobile-app inspiration",UI Sources,https://uisources.com,Free,No,Interaction recordings and UI details from real apps
"Product UI, UX flows, and mobile-app inspiration",Screenlane,https://screenlane.com,Free,No,Mobile-app screen and flow inspiration
"Product UI, UX flows, and mobile-app inspiration",Pttrns,https://pttrns.com,Paid,Yes,Mobile UI patterns and categorized app screenshots
"Product UI, UX flows, and mobile-app inspiration",Design Vault,https://designvault.io,Free,No,UI patterns and inspiration from real products
"Product UI, UX flows, and mobile-app inspiration",Interface Index,https://interface-index.com,Free,No,"Interface elements from B2B, SaaS, and desktop products"
"Product UI, UX flows, and mobile-app inspiration",UX Bites,https://builtformars.com/ux-bites,Free,No,Short examples of useful UX interactions and product decisions
"Product UI, UX flows, and mobile-app inspiration",60FPS,https://60fps.design,Freemium,Optional,Microinteractions and polished details from real apps
"Product UI, UX flows, and mobile-app inspiration",Appshots,https://appshots.design,Freemium,Optional,Mobile-app screenshots and product-flow references
"Product UI, UX flows, and mobile-app inspiration",Spotted in Prod,https://www.spottedinprod.com,Freemium,Optional,Interesting patterns found in production iOS apps
"Product UI, UX flows, and mobile-app inspiration",Scrnshts,https://scrnshts.club,Freemium,Optional,App-store screenshots and mobile product presentation
"Product UI, UX flows, and mobile-app inspiration",Pushkeen,https://pushkeen.ai,Free,No,Push-notification patterns from mobile apps
"Product UI, UX flows, and mobile-app inspiration",PaywallPro,https://www.paywallpro.app,Freemium,Optional,Mobile subscription paywall screenshots and analysis
"Product UI, UX flows, and mobile-app inspiration",Laudable Apps,https://laudableapps.com,Free,No,Independent showcase of polished iOS applications
"Product UI, UX flows, and mobile-app inspiration",iOS Icon Gallery,https://www.iosicongallery.com,Free,No,"iOS, macOS, and watchOS app-icon inspiration"
"Product UI, UX flows, and mobile-app inspiration",Nicelydone,https://nicelydone.club,Freemium,Optional,Screenshots and UX patterns from high-quality web applications
"Product UI, UX flows, and mobile-app inspiration",SaaSFrame,https://www.saasframe.io,Freemium,Optional,"SaaS website, product UI, and email-flow inspiration"
"Product UI, UX flows, and mobile-app inspiration",SaaS Interface,https://saasinterface.com,Freemium,Optional,SaaS product UI and UX examples
"Product UI, UX flows, and mobile-app inspiration",Webframe,https://webframe.xyz,Free,No,Web-application interface inspiration
"Product UI, UX flows, and mobile-app inspiration",UI Garage,https://uigarage.net,Free,No,UI examples organized by pattern and platform
"Product UI, UX flows, and mobile-app inspiration",Collect UI,https://collectui.com,Free,No,Daily UI inspiration organized by component type
"Product UI, UX flows, and mobile-app inspiration",UI Movement,https://uimovement.com,Free,No,UI animation and interaction inspiration
"Product UI, UX flows, and mobile-app inspiration",Built for Mars,https://builtformars.com,Freemium,Optional,Detailed UX case studies and product teardowns
"Landing pages, SaaS, ecommerce, email, and marketing inspiration",Landingfolio,https://www.landingfolio.com,Freemium,Optional,"Landing-page screenshots, sections, and templates"
"Landing pages, SaaS, ecommerce, email, and marketing inspiration",Landings,https://landings.dev,Free,No,Curated landing-page inspiration
"Landing pages, SaaS, ecommerce, email, and marketing inspiration",SaaS Pages,https://saaspages.xyz,Free,No,SaaS landing pages focused on design and copywriting
"Landing pages, SaaS, ecommerce, email, and marketing inspiration",SaaS Landing Page,https://saaslandingpage.com,Free,No,Landing-page examples from SaaS companies
"Landing pages, SaaS, ecommerce, email, and marketing inspiration",Pages That Print,https://www.pagesthatprint.com,Free,No,Landing pages connected to proven revenue outcomes
"Landing pages, SaaS, ecommerce, email, and marketing inspiration",SaaSpo,https://www.saaspo.com,Free,No,Curated SaaS website inspiration
"Landing pages, SaaS, ecommerce, email, and marketing inspiration",SaaS Websites,https://saaswebsites.com,Freemium,Optional,SaaS website screenshots and pattern references
"Landing pages, SaaS, ecommerce, email, and marketing inspiration",SaaS Examples,https://divbyzero.com,Free,No,"SaaS website, product, and email examples"
"Landing pages, SaaS, ecommerce, email, and marketing inspiration",Glance,https://www.glance.fyi,Free,No,Tracks website experiments and changes made by SaaS companies
"Landing pages, SaaS, ecommerce, email, and marketing inspiration",Pricing Pages,https://pricingpages.design,Free,No,Pricing-page patterns and examples
"Landing pages, SaaS, ecommerce, email, and marketing inspiration",Social Proof Examples,https://socialproofexamples.com,Free,No,"Trust, testimonial, and social-proof patterns"
"Landing pages, SaaS, ecommerce, email, and marketing inspiration",Commerce Cream,https://commercecream.com,Free,No,Curated Shopify and ecommerce website inspiration
"Landing pages, SaaS, ecommerce, email, and marketing inspiration",ecomm.design,https://ecomm.design,Free,No,Ecommerce design gallery and technology references
"Landing pages, SaaS, ecommerce, email, and marketing inspiration",GoodCart,https://www.goodcart.design,Free,No,Well-designed ecommerce website examples
"Landing pages, SaaS, ecommerce, email, and marketing inspiration",Tiny Blocks,https://tinyblocks.cc,Free,No,Small and notable web-interface patterns
"Landing pages, SaaS, ecommerce, email, and marketing inspiration",Really Good Emails,https://reallygoodemails.com,Free,No,Email design and campaign inspiration
"Landing pages, SaaS, ecommerce, email, and marketing inspiration",Inboxflows,https://inboxflows.com,Freemium,Optional,Catalogued email sequences and lifecycle campaigns
"Landing pages, SaaS, ecommerce, email, and marketing inspiration",Email Love,https://emaillove.com,Free,No,Curated email design examples
"Landing pages, SaaS, ecommerce, email, and marketing inspiration",Milled,https://milled.com,Freemium,Optional,Search engine for brand email newsletters
"Landing pages, SaaS, ecommerce, email, and marketing inspiration",Mailboard,https://mailboard.com,Freemium,Optional,"Email moodboards, saving, and campaign analysis"
"Landing pages, SaaS, ecommerce, email, and marketing inspiration",Email Gallery,https://email-gallery.com,Free,No,Curated newsletter and email-design examples
"Landing pages, SaaS, ecommerce, email, and marketing inspiration",Marketing Examples,https://marketingexamples.com,Free,No,Real-world marketing tactics and copy examples
"Landing pages, SaaS, ecommerce, email, and marketing inspiration",Ads of the World,https://www.adsoftheworld.com,Free,No,Advertising campaign inspiration from around the world
"Landing pages, SaaS, ecommerce, email, and marketing inspiration",Adfolio,https://www.adfolio.design,Free,No,Meta and LinkedIn advertising inspiration
"Landing pages, SaaS, ecommerce, email, and marketing inspiration",Foreplay,https://www.foreplay.co,Freemium,Optional,"Ad-library research, saving, and creative workflow tools"
UI component and frontend libraries,21st.dev,https://21st.dev,Free,No,Community-built React and Tailwind components designed for AI-assisted development
UI component and frontend libraries,shadcn/ui,https://ui.shadcn.com,Open source,No,Copyable React components built with Radix UI and Tailwind CSS
UI component and frontend libraries,Magic UI,https://magicui.design,Freemium,Optional,Animated React and Tailwind components
UI component and frontend libraries,Aceternity UI,https://ui.aceternity.com,Freemium,Optional,Animated React components and website sections
UI component and frontend libraries,Origin UI,https://originui.com,Free,No,Copyable Tailwind and shadcn-style components
UI component and frontend libraries,Uiverse,https://uiverse.io,Open source,No,Community-made CSS and Tailwind UI elements
UI component and frontend libraries,React Bits,https://reactbits.dev,Open source,No,Animated and interactive React components
UI component and frontend libraries,Animata,https://animata.design,Open source,No,Copyable animated React components
UI component and frontend libraries,Motion Primitives,https://motion-primitives.com,Open source,No,Reusable animated React interface primitives
UI component and frontend libraries,Cult UI,https://www.cult-ui.com,Open source,No,Animated components built for React and Tailwind
UI component and frontend libraries,Eldora UI,https://www.eldoraui.site,Open source,No,Animated React components and landing-page sections
UI component and frontend libraries,Park UI,https://park-ui.com,Open source,No,Styled components built on Ark UI
UI component and frontend libraries,Kibo UI,https://www.kibo-ui.com,Open source,No,Composable components for shadcn-based React applications
UI component and frontend libraries,Kokonut UI,https://kokonutui.com,Free,No,Modern copy-and-paste React and Tailwind components
UI component and frontend libraries,Hover.dev,https://www.hover.dev,Freemium,Optional,Animated React components and interactions
UI component and frontend libraries,Float UI,https://floatui.com,Open source,No,Responsive Tailwind components and templates
UI component and frontend libraries,HyperUI,https://www.hyperui.dev,Open source,No,Free Tailwind CSS components
UI component and frontend libraries,Meraki UI,https://merakiui.com,Open source,No,Tailwind CSS components with RTL support
UI component and frontend libraries,Flowbite,https://flowbite.com,Freemium,Optional,"Tailwind CSS components, blocks, and templates"
UI component and frontend libraries,Preline UI,https://preline.co,Freemium,Optional,Tailwind CSS component library and application examples
UI component and frontend libraries,DaisyUI,https://daisyui.com,Freemium,Optional,Themeable component classes for Tailwind CSS
UI component and frontend libraries,Tailwind Plus,https://tailwindcss.com/plus,Paid,Yes,Official premium Tailwind components and templates
UI component and frontend libraries,Headless UI,https://headlessui.com,Open source,No,Unstyled accessible components for React and Vue
UI component and frontend libraries,Radix UI,https://www.radix-ui.com,Open source,No,Accessible unstyled UI primitives for React
UI component and frontend libraries,Base UI,https://base-ui.com,Open source,No,Unstyled accessible React component library
UI component and frontend libraries,React Aria,https://react-spectrum.adobe.com/react-aria,Open source,No,Accessible hooks and components for React applications
UI component and frontend libraries,HeroUI,https://www.heroui.com,Open source,No,Accessible React component library with Tailwind styling
UI component and frontend libraries,Mantine,https://mantine.dev,Open source,No,Full-featured React component and hooks library
UI component and frontend libraries,MUI,https://mui.com,Freemium,Optional,React implementation of Material Design plus premium advanced components
UI component and frontend libraries,Chakra UI,https://chakra-ui.com,Open source,No,Accessible composable React components
UI component and frontend libraries,Ant Design,https://ant.design,Open source,No,Enterprise-oriented React UI framework
UI component and frontend libraries,Blueprint,https://blueprintjs.com,Open source,No,React components for complex data-dense desktop interfaces
UI component and frontend libraries,Grommet,https://v2.grommet.io,Open source,No,Responsive and accessible React component framework
UI component and frontend libraries,Evergreen,https://evergreen.segment.com,Open source,No,React UI framework for enterprise web products
UI component and frontend libraries,Tremor,https://www.tremor.so,Open source,No,React components for dashboards and data visualization
UI component and frontend libraries,PrimeReact,https://primereact.org,Freemium,Optional,Large React component suite with premium templates and themes
UI component and frontend libraries,PrimeVue,https://primevue.org,Freemium,Optional,Large Vue component suite with premium templates and themes
UI component and frontend libraries,Vuetify,https://vuetifyjs.com,Freemium,Optional,Material Design component framework for Vue
UI component and frontend libraries,Quasar,https://quasar.dev,Open source,No,"Vue framework for web, desktop, and mobile interfaces"
UI component and frontend libraries,Naive UI,https://www.naiveui.com,Open source,No,TypeScript-based Vue 3 component library
UI component and frontend libraries,Element Plus,https://element-plus.org,Open source,No,Vue 3 component library for desktop applications
UI component and frontend libraries,Angular Material,https://material.angular.dev,Open source,No,Official Material Design components for Angular
UI component and frontend libraries,Bits UI,https://bits-ui.com,Open source,No,Headless accessible components for Svelte
UI component and frontend libraries,Melt UI,https://melt-ui.com,Open source,No,Headless builders for accessible Svelte interfaces
UI component and frontend libraries,Skeleton,https://www.skeleton.dev,Open source,No,Svelte and Tailwind design system and component library
Design systems and pattern libraries,Material Design 3,https://m3.material.io,Free,No,"Google's design system, guidelines, tokens, and components"
Design systems and pattern libraries,Apple Human Interface Guidelines,https://developer.apple.com/design/human-interface-guidelines,Free,No,Apple platform design guidance and interaction patterns
Design systems and pattern libraries,IBM Carbon Design System,https://carbondesignsystem.com,Open source,No,IBM's enterprise design system and component ecosystem
Design systems and pattern libraries,Shopify Polaris,https://polaris.shopify.com,Open source,No,Shopify's product design system for commerce interfaces
Design systems and pattern libraries,Atlassian Design System,https://atlassian.design,Free,No,"Patterns, foundations, and components used in Atlassian products"
Design systems and pattern libraries,Adobe Spectrum,https://spectrum.adobe.com,Open source,No,Adobe's cross-platform design system
Design systems and pattern libraries,Microsoft Fluent 2,https://fluent2.microsoft.design,Open source,No,Microsoft's interface foundations and component system
Design systems and pattern libraries,GitHub Primer,https://primer.style,Open source,No,"GitHub's design system, components, and CSS framework"
Design systems and pattern libraries,Salesforce Lightning Design System,https://www.lightningdesignsystem.com,Open source,No,Salesforce enterprise interface patterns and components
Design systems and pattern libraries,GOV.UK Design System,https://design-system.service.gov.uk,Open source,No,Accessible government-service patterns and components
Design systems and pattern libraries,U.S. Web Design System,https://designsystem.digital.gov,Open source,No,Design system for accessible U.S. government websites
Design systems and pattern libraries,AWS Cloudscape,https://cloudscape.design,Open source,No,AWS design system for cloud-management interfaces
Design systems and pattern libraries,SAP Fiori,https://experience.sap.com/fiori-design-web,Free,No,SAP enterprise product design guidelines and patterns
Design systems and pattern libraries,Base Web,https://baseweb.design,Open source,No,Uber's React design system
Design systems and pattern libraries,Elastic UI,https://eui.elastic.co,Open source,No,Elastic's React component and design system
Design systems and pattern libraries,Zendesk Garden,https://garden.zendesk.com,Open source,No,Zendesk's design system and React components
Design systems and pattern libraries,Twilio Paste,https://paste.twilio.design,Open source,No,Twilio's accessible design system
Design systems and pattern libraries,GitLab Pajamas,https://design.gitlab.com,Open source,No,GitLab's product design system and usage guidance
Design systems and pattern libraries,Mailchimp Pattern Library,https://ux.mailchimp.com/patterns,Free,No,Mailchimp UI patterns and content guidance
Design systems and pattern libraries,Audi UI,https://www.audi.com/ci/en/guides/user-interface/introduction.html,Free,No,Audi digital interface and brand guidelines
Design systems and pattern libraries,Porsche Design System,https://designsystem.porsche.com,Open source,No,Porsche web-component design system
Design systems and pattern libraries,Wise Design,https://wise.design,Free,No,Wise product-design foundations and patterns
Design systems and pattern libraries,Vanilla Framework,https://vanillaframework.io,Open source,No,Canonical and Ubuntu CSS framework and design system
Design systems and pattern libraries,Workday Canvas,https://canvas.workday.com,Free,No,"Workday design-system foundations, assets, and guidance"
Design systems and pattern libraries,Design Systems Repo,https://designsystemsrepo.com,Free,No,"Directory of public design systems, tools, books, and articles"
"Motion, animation, WebGL, and 3D",Motion,https://motion.dev,Freemium,Optional,Production-grade animation library for JavaScript and React
"Motion, animation, WebGL, and 3D",GSAP,https://gsap.com,Free,No,High-performance JavaScript animation platform
"Motion, animation, WebGL, and 3D",LottieFiles,https://lottiefiles.com,Freemium,Optional,"Lottie animation library, editor, and workflow platform"
"Motion, animation, WebGL, and 3D",Rive,https://rive.app,Freemium,Optional,Interactive vector animation design and runtime platform
"Motion, animation, WebGL, and 3D",Spline,https://spline.design,Freemium,Optional,Browser-based collaborative 3D design tool
"Motion, animation, WebGL, and 3D",Three.js,https://threejs.org,Open source,No,JavaScript 3D and WebGL rendering library
"Motion, animation, WebGL, and 3D",React Three Fiber,https://r3f.docs.pmnd.rs,Open source,No,React renderer for Three.js
"Motion, animation, WebGL, and 3D",Theatre.js,https://www.theatrejs.com,Open source,No,Motion-design and animation tooling for the web
"Motion, animation, WebGL, and 3D",Anime.js,https://animejs.com,Open source,No,Lightweight JavaScript animation library
"Motion, animation, WebGL, and 3D",AutoAnimate,https://auto-animate.formkit.com,Open source,No,Automatic transition animations for web interfaces
"Motion, animation, WebGL, and 3D",Animista,https://animista.net,Free,No,Visual generator for CSS animations
"Motion, animation, WebGL, and 3D",Hover.css,https://ianlunn.github.io/Hover,Open source,No,CSS hover-effect library
"Motion, animation, WebGL, and 3D",AOS,https://michalsnik.github.io/aos,Open source,No,Animate-on-scroll JavaScript library
"Motion, animation, WebGL, and 3D",Lenis,https://lenis.darkroom.engineering,Open source,No,Smooth scrolling library for modern websites
"Motion, animation, WebGL, and 3D",Barba.js,https://barba.js.org,Open source,No,Page-transition library for websites
"Motion, animation, WebGL, and 3D",Swup,https://swup.js.org,Open source,No,Page-transition and navigation enhancement library
"Motion, animation, WebGL, and 3D",PixiJS,https://pixijs.com,Open source,No,High-performance 2D WebGL rendering engine
"Motion, animation, WebGL, and 3D",p5.js,https://p5js.org,Open source,No,Creative-coding library for interactive graphics
"Motion, animation, WebGL, and 3D",Unicorn Studio,https://www.unicorn.studio,Freemium,Optional,No-code WebGL effects and interactive website visuals
"Motion, animation, WebGL, and 3D",Motionity,https://www.motionity.app,Free,No,Browser-based motion-graphics editor
"Typography, fonts, and type tools",Google Fonts,https://fonts.google.com,Free,No,Open font library for web and product design
"Typography, fonts, and type tools",Fontshare,https://www.fontshare.com,Free,No,Free professional-quality typefaces
"Typography, fonts, and type tools",Adobe Fonts,https://fonts.adobe.com,Paid,Yes,Font library included with Adobe Creative Cloud subscriptions
"Typography, fonts, and type tools",Typewolf,https://www.typewolf.com,Freemium,Optional,"Typography inspiration, trends, and font recommendations"
"Typography, fonts, and type tools",Fonts In Use,https://fontsinuse.com,Free,No,Archive of real-world typography examples
"Typography, fonts, and type tools",Font Squirrel,https://www.fontsquirrel.com,Free,No,Commercial-use free font library
"Typography, fonts, and type tools",Fontesk,https://fontesk.com,Freemium,Optional,Free and paid font discovery
"Typography, fonts, and type tools",Free Faces,https://www.freefaces.gallery,Free,No,Curated typefaces available under free licenses
"Typography, fonts, and type tools",Open Foundry,https://open-foundry.com,Free,No,Curated open-source font library
"Typography, fonts, and type tools",Velvetyne,https://velvetyne.fr,Free,No,Experimental libre and open-source typefaces
"Typography, fonts, and type tools",Lost Type,https://www.losttype.com,Freemium,Optional,Independent type foundry with pay-what-you-want and paid fonts
"Typography, fonts, and type tools",FontPair,https://fontpair.co,Free,No,Font-pairing inspiration and combinations
"Typography, fonts, and type tools",Fontjoy,https://fontjoy.com,Free,No,Machine-assisted font-pairing generator
"Typography, fonts, and type tools",FontGen,https://www.fontgen.io,Free,No,Font combinations and visual hierarchy generator
"Typography, fonts, and type tools",Font Mojo,https://fontmojo.com,Free,No,Preview and compare fonts
"Typography, fonts, and type tools",Variable Fonts,https://v-fonts.com,Free,No,Directory and playground for variable fonts
"Typography, fonts, and type tools",Font Alternatives,https://fontalternatives.com,Free,No,Free alternatives to premium typefaces
"Typography, fonts, and type tools",Sweetfont,https://sweetfont.com,Free,No,Google Font discovery by mood and personality
"Typography, fonts, and type tools",Tinkerfont,https://www.tinkerfont.com,Free,No,Browser extension for testing fonts on live websites
"Typography, fonts, and type tools",Fontsource,https://fontsource.org,Open source,No,Self-hostable open-source font packages for web projects
"Color, gradients, and accessibility",Coolors,https://coolors.co,Freemium,Optional,"Palette generation, browsing, extraction, and color tools"
"Color, gradients, and accessibility",Color Hunt,https://colorhunt.co,Free,No,Curated color-palette inspiration
"Color, gradients, and accessibility",Adobe Color,https://color.adobe.com,Free,No,"Color-wheel, palette, and accessibility tools"
"Color, gradients, and accessibility",Happy Hues,https://www.happyhues.co,Free,No,Color palettes demonstrated in real interface contexts
"Color, gradients, and accessibility",Realtime Colors,https://realtimecolors.com,Free,No,Preview website color and typography choices in real time
"Color, gradients, and accessibility",Huemint,https://huemint.com,Free,No,Machine-learning color palettes for brands and interfaces
"Color, gradients, and accessibility",Khroma,https://www.khroma.co,Free,No,Personalized AI color discovery
"Color, gradients, and accessibility",Grabient,https://www.grabient.com,Free,No,Gradient inspiration and CSS values
"Color, gradients, and accessibility",ColorBox,https://www.colorbox.io,Free,No,Algorithmic color-scale generation
"Color, gradients, and accessibility",Open Color,https://yeun.github.io/open-color,Open source,No,Open-source color scheme optimized for interfaces
"Color, gradients, and accessibility",Leonardo,https://leonardocolor.io,Open source,No,Accessible and adaptive color-system creation
"Color, gradients, and accessibility",InclusiveColors,https://www.inclusivecolors.com,Free,No,WCAG-aware Tailwind-style color-scale generation
"Color, gradients, and accessibility",Atmos,https://atmos.style,Free trial,After trial,UI color-palette and design-system tool
"Color, gradients, and accessibility",Who Can Use,https://www.whocanuse.com,Free,No,Shows how color contrast affects people with visual impairments
"Color, gradients, and accessibility",Stark,https://www.getstark.co,Freemium,Optional,Accessibility testing and collaboration across design and development tools
"Color, gradients, and accessibility",WebAIM Contrast Checker,https://webaim.org/resources/contrastchecker,Free,No,WCAG foreground and background contrast testing
"Color, gradients, and accessibility",WAVE,https://wave.webaim.org,Free,No,Web accessibility evaluation tool
"Color, gradients, and accessibility",axe DevTools,https://www.deque.com/axe/devtools,Freemium,Optional,Automated accessibility testing for websites and applications
"Color, gradients, and accessibility",Accessibility Insights,https://accessibilityinsights.io,Open source,No,Microsoft accessibility testing tools for web and Windows
"Color, gradients, and accessibility",Polypane,https://polypane.app,Paid,Yes,"Browser for responsive, accessibility, and cross-device development"
Icon libraries and icon tools,Material Symbols,https://fonts.google.com/icons,Free,No,Google's variable icon family
Icon libraries and icon tools,Heroicons,https://heroicons.com,Open source,No,Hand-crafted SVG icons for Tailwind projects
Icon libraries and icon tools,Lucide,https://lucide.dev,Open source,No,Community-maintained consistent SVG icon toolkit
Icon libraries and icon tools,Bootstrap Icons,https://icons.getbootstrap.com,Open source,No,Official open-source Bootstrap icon set
Icon libraries and icon tools,Eva Icons,https://akveo.github.io/eva-icons,Open source,No,Outline and fill UI icon set
Icon libraries and icon tools,Tabler Icons,https://tabler.io/icons,Open source,No,Large pixel-perfect SVG icon library
Icon libraries and icon tools,Phosphor Icons,https://phosphoricons.com,Open source,No,Flexible multi-weight icon family
Icon libraries and icon tools,Iconoir,https://iconoir.com,Open source,No,Large open-source SVG icon library
Icon libraries and icon tools,Remix Icon,https://remixicon.com,Open source,No,Neutral-style system icon set
Icon libraries and icon tools,Feather,https://feathericons.com,Open source,No,Simple open-source line icons
Icon libraries and icon tools,Ionicons,https://ionic.io/ionicons,Open source,No,Cross-platform icon set from Ionic
Icon libraries and icon tools,Boxicons,https://boxicons.com,Freemium,Optional,Web-friendly icon library with free and premium options
Icon libraries and icon tools,MingCute,https://www.mingcute.com,Open source,No,Simple and polished open-source icons
Icon libraries and icon tools,Akar Icons,https://akaricons.com,Open source,No,Rounded interface icon library
Icon libraries and icon tools,Radix Icons,https://www.radix-ui.com/icons,Open source,No,Small icon set designed for interfaces
Icon libraries and icon tools,IconPark,https://iconpark.oceanengine.com,Open source,No,Customizable multi-theme SVG icon library
Icon libraries and icon tools,SVG Repo,https://www.svgrepo.com,Free,No,Large searchable collection of SVG vectors and icons
Icon libraries and icon tools,Font Awesome,https://fontawesome.com,Freemium,Optional,Icon toolkit with free and Pro libraries
Icon libraries and icon tools,Icons8,https://icons8.com/icons,Freemium,Optional,Large collection of icons in consistent visual styles
Icon libraries and icon tools,Noun Project,https://thenounproject.com,Freemium,Optional,Large community-created icon library
Icon libraries and icon tools,Iconscout,https://iconscout.com/icons,Freemium,Optional,"Icons, illustrations, 3D assets, and animations"
Icon libraries and icon tools,Flaticon,https://www.flaticon.com,Freemium,Optional,Large icon and sticker library
Icon libraries and icon tools,Streamline,https://www.streamlinehq.com,Freemium,Optional,"Large consistent icon, illustration, and emoji system"
Icon libraries and icon tools,Lineicons,https://lineicons.com,Freemium,Optional,SVG icon library for interfaces and websites
Icon libraries and icon tools,Iconshock,https://www.iconshock.com,Freemium,Optional,Large commercial icon collection with multiple styles
Icon libraries and icon tools,Nucleo,https://nucleoapp.com,Paid,Yes,Premium icon library and icon organizer
Icon libraries and icon tools,Lordicon,https://lordicon.com,Freemium,Optional,Animated and static icon library
Icon libraries and icon tools,useAnimations,https://useanimations.com,Open source,No,Lottie-based animated icons for interfaces
Icon libraries and icon tools,Icônes,https://icones.js.org,Free,No,Fast icon explorer powered by Iconify collections
Icon libraries and icon tools,Iconify,https://iconify.design,Open source,No,Unified framework and API for many open icon sets
"Illustrations, mockups, assets, and stock",unDraw,https://undraw.co,Free,No,Customizable open-source illustrations
"Illustrations, mockups, assets, and stock",Storyset,https://storyset.com,Freemium,Optional,Customizable static and animated illustrations
"Illustrations, mockups, assets, and stock",DrawKit,https://www.drawkit.com,Freemium,Optional,Free and premium illustration packs
"Illustrations, mockups, assets, and stock",IRA Design,https://iradesign.io,Free,No,Mix-and-match gradient illustration components
"Illustrations, mockups, assets, and stock",Blush,https://blush.design,Freemium,Optional,Customizable illustrations from independent artists
"Illustrations, mockups, assets, and stock",Ouch,https://icons8.com/illustrations,Freemium,Optional,Vector and 3D illustration library
"Illustrations, mockups, assets, and stock",ManyPixels Gallery,https://www.manypixels.co/gallery,Free,No,Royalty-free illustration library
"Illustrations, mockups, assets, and stock",Humaaans,https://www.humaaans.com,Free,No,Mix-and-match illustrations of people
"Illustrations, mockups, assets, and stock",Absurd Design,https://absurd.design,Freemium,Optional,Distinctive hand-drawn abstract illustrations
"Illustrations, mockups, assets, and stock",Open Doodles,https://www.opendoodles.com,Free,No,Open-source hand-drawn illustrations
"Illustrations, mockups, assets, and stock",Delesign Illustrations,https://delesign.com/free-designs/graphics,Free,No,Royalty-free illustrations for digital projects
"Illustrations, mockups, assets, and stock",Reshot,https://www.reshot.com,Free,No,"Free icons, illustrations, and photos"
"Illustrations, mockups, assets, and stock",Mixkit,https://mixkit.co,Free,No,"Free illustrations, stock video, music, and templates"
"Illustrations, mockups, assets, and stock",Black Illustrations,https://www.blackillustrations.com,Freemium,Optional,Illustration collections representing Black people
"Illustrations, mockups, assets, and stock",fffuel,https://fffuel.co,Free,No,"SVG background, pattern, gradient, and shape generators"
"Illustrations, mockups, assets, and stock",Haikei,https://haikei.app,Freemium,Optional,Generative SVG backgrounds and visual assets
"Illustrations, mockups, assets, and stock",PatternPad,https://patternpad.com,Free,No,Browser-based pattern generator
"Illustrations, mockups, assets, and stock",Figma Community,https://www.figma.com/community,Free,No,"Community files, templates, plugins, and UI kits"
"Illustrations, mockups, assets, and stock",UI8,https://ui8.net,Paid,Yes,"Premium UI kits, fonts, illustrations, and design assets"
"Illustrations, mockups, assets, and stock",Creative Market,https://creativemarket.com,Paid,Yes,"Marketplace for fonts, templates, mockups, and graphics"
"Illustrations, mockups, assets, and stock",Envato Elements,https://elements.envato.com,Paid,Yes,"Subscription library of templates, stock, fonts, audio, and video"
"Illustrations, mockups, assets, and stock",Pixelbuddha,https://pixelbuddha.net,Freemium,Optional,"Free and premium fonts, mockups, effects, and graphic assets"
"Illustrations, mockups, assets, and stock",Unblast,https://unblast.com,Free,No,"Curated free mockups, fonts, icons, and templates"
"Illustrations, mockups, assets, and stock",Freebiesbug,https://freebiesbug.com,Free,No,"Free design resources for Figma, Sketch, Photoshop, and web projects"
"Illustrations, mockups, assets, and stock",UI Store Design,https://www.uistore.design,Free,No,Free UI kits and design resources
"Design tools, AI UI tools, and visual builders",Figma,https://www.figma.com,Freemium,Optional,"Collaborative interface design, prototyping, whiteboarding, and developer handoff"
"Design tools, AI UI tools, and visual builders",Penpot,https://penpot.app,Open source,No,Open-source interface design and prototyping platform
"Design tools, AI UI tools, and visual builders",Framer,https://www.framer.com,Freemium,Optional,Visual website design and publishing with React-based output
"Design tools, AI UI tools, and visual builders",Webflow,https://webflow.com,Freemium,Optional,Visual website builder and CMS
"Design tools, AI UI tools, and visual builders",Webstudio,https://webstudio.is,Open source,No,Open-source visual website builder
"Design tools, AI UI tools, and visual builders",Uizard,https://uizard.io,Freemium,Optional,"AI-assisted wireframing, UI design, and prototyping"
"Design tools, AI UI tools, and visual builders",Visily,https://www.visily.ai,Freemium,Optional,AI UI design and wireframing for product teams
"Design tools, AI UI tools, and visual builders",Google Stitch,https://stitch.withgoogle.com,Free,No,AI-generated UI designs and frontend code
"Design tools, AI UI tools, and visual builders",v0,https://v0.dev,Freemium,Optional,AI generation of React interfaces and applications
"Design tools, AI UI tools, and visual builders",Lovable,https://lovable.dev,Freemium,Optional,Prompt-driven full-stack web-application builder
"Design tools, AI UI tools, and visual builders",Bolt,https://bolt.new,Freemium,Optional,Browser-based AI full-stack application development
"Design tools, AI UI tools, and visual builders",Replit,https://replit.com,Freemium,Optional,Cloud IDE and AI application-building platform
"Design tools, AI UI tools, and visual builders",Magic Patterns,https://www.magicpatterns.com,Freemium,Optional,AI-generated product UI and design exploration
"Design tools, AI UI tools, and visual builders",Relume,https://www.relume.io,Freemium,Optional,"AI sitemaps, wireframes, and Webflow or Figma component libraries"
"Design tools, AI UI tools, and visual builders",Dora,https://www.dora.run,Freemium,Optional,No-code animated and 3D website builder
"Design tools, AI UI tools, and visual builders",Plasmic,https://www.plasmic.app,Freemium,Optional,Visual builder for React websites and applications
"Design tools, AI UI tools, and visual builders",Builder.io,https://www.builder.io,Freemium,Optional,Visual development platform and AI-generated frontend experiences
"Design tools, AI UI tools, and visual builders",Anima,https://www.animaapp.com,Freemium,Optional,Figma-to-code and design-to-production workflows
"Design tools, AI UI tools, and visual builders",Locofy,https://www.locofy.ai,Freemium,Optional,Design-to-code platform for Figma and frontend frameworks
"Design tools, AI UI tools, and visual builders",TeleportHQ,https://teleporthq.io,Freemium,Optional,Visual website builder and frontend code generator
